,word,score
20689,abandon,-2.0
20690,abandoned,-2.0
20691,abandons,-2.0
20692,abducted,-2.0
20693,abduction,-2.0
20694,abductions,-2.0
20695,abhor,-3.0
20696,abhorred,-3.0
20697,abhorrent,-3.0
20698,abhors,-3.0
20699,abilities,2.0
20700,ability,2.0
20701,aboard,1.0
20702,absentee,-1.0
20703,absentees,-1.0
20704,absolve,2.0
20705,absolved,2.0
20706,absolves,2.0
20707,absolving,2.0
20708,absorbed,1.0
20709,abuse,-3.0
20710,abused,-3.0
20711,abuses,-3.0
20712,abusive,-3.0
20713,accept,1.0
20714,accepted,1.0
20715,accepting,1.0
20716,accepts,1.0
20717,accident,-2.0
20718,accidental,-2.0
20719,accidentally,-2.0
20720,accidents,-2.0
20721,accomplish,2.0
20722,accomplished,2.0
20723,accomplishes,2.0
20724,accusation,-2.0
20725,accusations,-2.0
20726,accuse,-2.0
20727,accused,-2.0
20728,accuses,-2.0
20729,accusing,-2.0
20730,ache,-2.0
20731,achievable,1.0
20732,aching,-2.0
20733,acquit,2.0
20734,acquits,2.0
20735,acquitted,2.0
20736,acquitting,2.0
20737,acrimonious,-3.0
20738,active,1.0
20739,adequate,1.0
20740,admire,3.0
20741,admired,3.0
20742,admires,3.0
20743,admiring,3.0
20744,admit,-1.0
20745,admits,-1.0
20746,admitted,-1.0
20747,admonish,-2.0
20748,admonished,-2.0
20749,adopt,1.0
20750,adopts,1.0
20751,adorable,3.0
20752,adore,3.0
20753,adored,3.0
20754,adores,3.0
20755,advanced,1.0
20756,advantage,2.0
20757,advantages,2.0
20758,adventure,2.0
20759,adventures,2.0
20760,adventurous,2.0
20761,affected,-1.0
20762,affection,3.0
20763,affectionate,3.0
20764,afflicted,-1.0
20765,affronted,-1.0
20766,afraid,-2.0
20767,aggravate,-2.0
20768,aggravated,-2.0
20769,aggravates,-2.0
20770,aggravating,-2.0
20771,aggression,-2.0
20772,aggressions,-2.0
20773,aggressive,-2.0
20774,aghast,-2.0
20775,agog,2.0
20776,agonise,-3.0
20777,agonised,-3.0
20778,agonises,-3.0
20779,agonising,-3.0
20780,agonize,-3.0
20781,agonized,-3.0
20782,agonizes,-3.0
20783,agonizing,-3.0
20784,agree,1.0
20785,agreeable,2.0
20786,agreed,1.0
20787,agreement,1.0
20788,agrees,1.0
20789,alarm,-2.0
20790,alarmed,-2.0
20791,alarmist,-2.0
20792,alarmists,-2.0
20793,alas,-1.0
20794,alert,-1.0
20795,alienation,-2.0
20796,alive,1.0
20797,allergic,-2.0
20798,allow,1.0
20799,alone,-2.0
20800,amaze,2.0
20801,amazed,2.0
20802,amazes,2.0
20803,amazing,4.0
20804,ambitious,2.0
20805,ambivalent,-1.0
20806,amuse,3.0
20807,amused,3.0
20808,amusement,3.0
20809,amusements,3.0
20810,anger,-3.0
20811,angers,-3.0
20812,angry,-3.0
20813,anguish,-3.0
20814,anguished,-3.0
20815,animosity,-2.0
20816,annoy,-2.0
20817,annoyance,-2.0
20818,annoyed,-2.0
20819,annoying,-2.0
20820,annoys,-2.0
20821,antagonistic,-2.0
20822,anti,-1.0
20823,anticipation,1.0
20824,anxiety,-2.0
20825,anxious,-2.0
20826,apathetic,-3.0
20827,apathy,-3.0
20828,apeshit,-3.0
20829,apocalyptic,-2.0
20830,apologise,-1.0
20831,apologised,-1.0
20832,apologises,-1.0
20833,apologising,-1.0
20834,apologize,-1.0
20835,apologized,-1.0
20836,apologizes,-1.0
20837,apologizing,-1.0
20838,apology,-1.0
20839,appalled,-2.0
20840,appalling,-2.0
20841,appease,2.0
20842,appeased,2.0
20843,appeases,2.0
20844,appeasing,2.0
20845,applaud,2.0
20846,applauded,2.0
20847,applauding,2.0
20848,applauds,2.0
20849,applause,2.0
20850,appreciate,2.0
20851,appreciated,2.0
20852,appreciates,2.0
20853,appreciating,2.0
20854,appreciation,2.0
20855,apprehensive,-2.0
20856,approval,2.0
20857,approved,2.0
20858,approves,2.0
20859,ardent,1.0
20860,arrest,-2.0
20861,arrested,-3.0
20862,arrests,-2.0
20863,arrogant,-2.0
20864,ashame,-2.0
20865,ashamed,-2.0
20866,ass,-4.0
20867,assassination,-3.0
20868,assassinations,-3.0
20869,asset,2.0
20870,assets,2.0
20871,assfucking,-4.0
20872,asshole,-4.0
20873,astonished,2.0
20874,astound,3.0
20875,astounded,3.0
20876,astounding,3.0
20877,astoundingly,3.0
20878,astounds,3.0
20879,attack,-1.0
20880,attacked,-1.0
20881,attacking,-1.0
20882,attacks,-1.0
20883,attract,1.0
20884,attracted,1.0
20885,attracting,2.0
20886,attraction,2.0
20887,attractions,2.0
20888,attracts,1.0
20889,audacious,3.0
20890,authority,1.0
20891,avert,-1.0
20892,averted,-1.0
20893,averts,-1.0
20894,avid,2.0
20895,avoid,-1.0
20896,avoided,-1.0
20897,avoids,-1.0
20898,await,-1.0
20899,awaited,-1.0
20900,awaits,-1.0
20901,award,3.0
20902,awarded,3.0
20903,awards,3.0
20904,awesome,4.0
20905,awful,-3.0
20906,awkward,-2.0
20907,axe,-1.0
20908,axed,-1.0
20909,backed,1.0
20910,backing,2.0
20911,backs,1.0
20912,bad,-3.0
20913,badass,-3.0
20914,badly,-3.0
20915,bailout,-2.0
20916,bamboozle,-2.0
20917,bamboozled,-2.0
20918,bamboozles,-2.0
20919,ban,-2.0
20920,banish,-1.0
20921,bankrupt,-3.0
20922,bankster,-3.0
20923,banned,-2.0
20924,bargain,2.0
20925,barrier,-2.0
20926,bastard,-5.0
20927,bastards,-5.0
20928,battle,-1.0
20929,battles,-1.0
20930,beaten,-2.0
20931,beatific,3.0
20932,beating,-1.0
20933,beauties,3.0
20934,beautiful,3.0
20935,beautifully,3.0
20936,beautify,3.0
20937,belittle,-2.0
20938,belittled,-2.0
20939,beloved,3.0
20940,benefit,2.0
20941,benefits,2.0
20942,benefitted,2.0
20943,benefitting,2.0
20944,bereave,-2.0
20945,bereaved,-2.0
20946,bereaves,-2.0
20947,bereaving,-2.0
20948,best,3.0
20949,betray,-3.0
20950,betrayal,-3.0
20951,betrayed,-3.0
20952,betraying,-3.0
20953,betrays,-3.0
20954,better,2.0
20955,bias,-1.0
20956,biased,-2.0
20957,big,1.0
20958,bitch,-5.0
20959,bitches,-5.0
20960,bitter,-2.0
20961,bitterly,-2.0
20962,bizarre,-2.0
20963,blah,-2.0
20964,blame,-2.0
20965,blamed,-2.0
20966,blames,-2.0
20967,blaming,-2.0
20968,bless,2.0
20969,blesses,2.0
20970,blessing,3.0
20971,blind,-1.0
20972,bliss,3.0
20973,blissful,3.0
20974,blithe,2.0
20975,block,-1.0
20976,blockbuster,3.0
20977,blocked,-1.0
20978,blocking,-1.0
20979,blocks,-1.0
20980,bloody,-3.0
20981,blurry,-2.0
20982,boastful,-2.0
20983,bold,2.0
20984,boldly,2.0
20985,bomb,-1.0
20986,boost,1.0
20987,boosted,1.0
20988,boosting,1.0
20989,boosts,1.0
20990,bore,-2.0
20991,bored,-2.0
20992,boring,-3.0
20993,bother,-2.0
20994,bothered,-2.0
20995,bothers,-2.0
20996,bothersome,-2.0
20997,boycott,-2.0
20998,boycotted,-2.0
20999,boycotting,-2.0
21000,boycotts,-2.0
21001,brainwashing,-3.0
21002,brave,2.0
21003,breakthrough,3.0
21004,breathtaking,5.0
21005,bribe,-3.0
21006,bright,1.0
21007,brightest,2.0
21008,brightness,1.0
21009,brilliant,4.0
21010,brisk,2.0
21011,broke,-1.0
21012,broken,-1.0
21013,brooding,-2.0
21014,bullied,-2.0
21015,bullshit,-4.0
21016,bully,-2.0
21017,bullying,-2.0
21018,bummer,-2.0
21019,buoyant,2.0
21020,burden,-2.0
21021,burdened,-2.0
21022,burdening,-2.0
21023,burdens,-2.0
21024,calm,2.0
21025,calmed,2.0
21026,calming,2.0
21027,calms,2.0
21028,can't stand,-3.0
21029,cancel,-1.0
21030,cancelled,-1.0
21031,cancelling,-1.0
21032,cancels,-1.0
21033,cancer,-1.0
21034,capable,1.0
21035,captivated,3.0
21036,care,2.0
21037,carefree,1.0
21038,careful,2.0
21039,carefully,2.0
21040,careless,-2.0
21041,cares,2.0
21042,cashing in,-2.0
21043,casualty,-2.0
21044,catastrophe,-3.0
21045,catastrophic,-4.0
21046,cautious,-1.0
21047,celebrate,3.0
21048,celebrated,3.0
21049,celebrates,3.0
21050,celebrating,3.0
21051,censor,-2.0
21052,censored,-2.0
21053,censors,-2.0
21054,certain,1.0
21055,chagrin,-2.0
21056,chagrined,-2.0
21057,challenge,-1.0
21058,chance,2.0
21059,chances,2.0
21060,chaos,-2.0
21061,chaotic,-2.0
21062,charged,-3.0
21063,charges,-2.0
21064,charm,3.0
21065,charming,3.0
21066,charmless,-3.0
21067,chastise,-3.0
21068,chastised,-3.0
21069,chastises,-3.0
21070,chastising,-3.0
21071,cheat,-3.0
21072,cheated,-3.0
21073,cheater,-3.0
21074,cheaters,-3.0
21075,cheats,-3.0
21076,cheer,2.0
21077,cheered,2.0
21078,cheerful,2.0
21079,cheering,2.0
21080,cheerless,-2.0
21081,cheers,2.0
21082,cheery,3.0
21083,cherish,2.0
21084,cherished,2.0
21085,cherishes,2.0
21086,cherishing,2.0
21087,chic,2.0
21088,childish,-2.0
21089,chilling,-1.0
21090,choke,-2.0
21091,choked,-2.0
21092,chokes,-2.0
21093,choking,-2.0
21094,clarifies,2.0
21095,clarity,2.0
21096,clash,-2.0
21097,classy,3.0
21098,clean,2.0
21099,cleaner,2.0
21100,clear,1.0
21101,cleared,1.0
21102,clearly,1.0
21103,clears,1.0
21104,clever,2.0
21105,clouded,-1.0
21106,clueless,-2.0
21107,cock,-5.0
21108,cocksucker,-5.0
21109,cocksuckers,-5.0
21110,cocky,-2.0
21111,coerced,-2.0
21112,collapse,-2.0
21113,collapsed,-2.0
21114,collapses,-2.0
21115,collapsing,-2.0
21116,collide,-1.0
21117,collides,-1.0
21118,colliding,-1.0
21119,collision,-2.0
21120,collisions,-2.0
21121,colluding,-3.0
21122,combat,-1.0
21123,combats,-1.0
21124,comedy,1.0
21125,comfort,2.0
21126,comfortable,2.0
21127,comforting,2.0
21128,comforts,2.0
21129,commend,2.0
21130,commended,2.0
21131,commit,1.0
21132,commitment,2.0
21133,commits,1.0
21134,committed,1.0
21135,committing,1.0
21136,compassionate,2.0
21137,compelled,1.0
21138,competent,2.0
21139,competitive,2.0
21140,complacent,-2.0
21141,complain,-2.0
21142,complained,-2.0
21143,complains,-2.0
21144,comprehensive,2.0
21145,conciliate,2.0
21146,conciliated,2.0
21147,conciliates,2.0
21148,conciliating,2.0
21149,condemn,-2.0
21150,condemnation,-2.0
21151,condemned,-2.0
21152,condemns,-2.0
21153,confidence,2.0
21154,confident,2.0
21155,conflict,-2.0
21156,conflicting,-2.0
21157,conflictive,-2.0
21158,conflicts,-2.0
21159,confuse,-2.0
21160,confused,-2.0
21161,confusing,-2.0
21162,congrats,2.0
21163,congratulate,2.0
21164,congratulation,2.0
21165,congratulations,2.0
21166,consent,2.0
21167,consents,2.0
21168,consolable,2.0
21169,conspiracy,-3.0
21170,constrained,-2.0
21171,contagion,-2.0
21172,contagions,-2.0
21173,contagious,-1.0
21174,contempt,-2.0
21175,contemptuous,-2.0
21176,contemptuously,-2.0
21177,contend,-1.0
21178,contender,-1.0
21179,contending,-1.0
21180,contentious,-2.0
21181,contestable,-2.0
21182,controversial,-2.0
21183,controversially,-2.0
21184,convince,1.0
21185,convinced,1.0
21186,convinces,1.0
21187,convivial,2.0
21188,cool,1.0
21189,cool stuff,3.0
21190,cornered,-2.0
21191,corpse,-1.0
21192,costly,-2.0
21193,courage,2.0
21194,courageous,2.0
21195,courteous,2.0
21196,courtesy,2.0
21197,cover-up,-3.0
21198,coward,-2.0
21199,cowardly,-2.0
21200,coziness,2.0
21201,cramp,-1.0
21202,crap,-3.0
21203,crash,-2.0
21204,crazier,-2.0
21205,craziest,-2.0
21206,crazy,-2.0
21207,creative,2.0
21208,crestfallen,-2.0
21209,cried,-2.0
21210,cries,-2.0
21211,crime,-3.0
21212,criminal,-3.0
21213,criminals,-3.0
21214,crisis,-3.0
21215,critic,-2.0
21216,criticism,-2.0
21217,criticize,-2.0
21218,criticized,-2.0
21219,criticizes,-2.0
21220,criticizing,-2.0
21221,critics,-2.0
21222,cruel,-3.0
21223,cruelty,-3.0
21224,crush,-1.0
21225,crushed,-2.0
21226,crushes,-1.0
21227,crushing,-1.0
21228,cry,-1.0
21229,crying,-2.0
21230,cunt,-5.0
21231,curious,1.0
21232,curse,-1.0
21233,cut,-1.0
21234,cute,2.0
21235,cuts,-1.0
21236,cutting,-1.0
21237,cynic,-2.0
21238,cynical,-2.0
21239,cynicism,-2.0
21240,damage,-3.0
21241,damages,-3.0
21242,damn,-4.0
21243,damned,-4.0
21244,damnit,-4.0
21245,danger,-2.0
21246,daredevil,2.0
21247,daring,2.0
21248,darkest,-2.0
21249,darkness,-1.0
21250,dauntless,2.0
21251,dead,-3.0
21252,deadlock,-2.0
21253,deafening,-1.0
21254,dear,2.0
21255,dearly,3.0
21256,death,-2.0
21257,debonair,2.0
21258,debt,-2.0
21259,deceit,-3.0
21260,deceitful,-3.0
21261,deceive,-3.0
21262,deceived,-3.0
21263,deceives,-3.0
21264,deceiving,-3.0
21265,deception,-3.0
21266,decisive,1.0
21267,dedicated,2.0
21268,defeated,-2.0
21269,defect,-3.0
21270,defects,-3.0
21271,defender,2.0
21272,defenders,2.0
21273,defenseless,-2.0
21274,defer,-1.0
21275,deferring,-1.0
21276,defiant,-1.0
21277,deficit,-2.0
21278,degrade,-2.0
21279,degraded,-2.0
21280,degrades,-2.0
21281,dehumanize,-2.0
21282,dehumanized,-2.0
21283,dehumanizes,-2.0
21284,dehumanizing,-2.0
21285,deject,-2.0
21286,dejected,-2.0
21287,dejecting,-2.0
21288,dejects,-2.0
21289,delay,-1.0
21290,delayed,-1.0
21291,delight,3.0
21292,delighted,3.0
21293,delighting,3.0
21294,delights,3.0
21295,demand,-1.0
21296,demanded,-1.0
21297,demanding,-1.0
21298,demands,-1.0
21299,demonstration,-1.0
21300,demoralized,-2.0
21301,denied,-2.0
21302,denier,-2.0
21303,deniers,-2.0
21304,denies,-2.0
21305,denounce,-2.0
21306,denounces,-2.0
21307,deny,-2.0
21308,denying,-2.0
21309,depressed,-2.0
21310,depressing,-2.0
21311,derail,-2.0
21312,derailed,-2.0
21313,derails,-2.0
21314,deride,-2.0
21315,derided,-2.0
21316,derides,-2.0
21317,deriding,-2.0
21318,derision,-2.0
21319,desirable,2.0
21320,desire,1.0
21321,desired,2.0
21322,desirous,2.0
21323,despair,-3.0
21324,despairing,-3.0
21325,despairs,-3.0
21326,desperate,-3.0
21327,desperately,-3.0
21328,despondent,-3.0
21329,destroy,-3.0
21330,destroyed,-3.0
21331,destroying,-3.0
21332,destroys,-3.0
21333,destruction,-3.0
21334,destructive,-3.0
21335,detached,-1.0
21336,detain,-2.0
21337,detained,-2.0
21338,detention,-2.0
21339,determined,2.0
21340,devastate,-2.0
21341,devastated,-2.0
21342,devastating,-2.0
21343,devoted,3.0
21344,diamond,1.0
21345,dick,-4.0
21346,dickhead,-4.0
21347,die,-3.0
21348,died,-3.0
21349,difficult,-1.0
21350,diffident,-2.0
21351,dilemma,-1.0
21352,dipshit,-3.0
21353,dire,-3.0
21354,direful,-3.0
21355,dirt,-2.0
21356,dirtier,-2.0
21357,dirtiest,-2.0
21358,dirty,-2.0
21359,disabling,-1.0
21360,disadvantage,-2.0
21361,disadvantaged,-2.0
21362,disappear,-1.0
21363,disappeared,-1.0
21364,disappears,-1.0
21365,disappoint,-2.0
21366,disappointed,-2.0
21367,disappointing,-2.0
21368,disappointment,-2.0
21369,disappointments,-2.0
21370,disappoints,-2.0
21371,disaster,-2.0
21372,disasters,-2.0
21373,disastrous,-3.0
21374,disbelieve,-2.0
21375,discard,-1.0
21376,discarded,-1.0
21377,discarding,-1.0
21378,discards,-1.0
21379,disconsolate,-2.0
21380,disconsolation,-2.0
21381,discontented,-2.0
21382,discord,-2.0
21383,discounted,-1.0
21384,discouraged,-2.0
21385,discredited,-2.0
21386,disdain,-2.0
21387,disgrace,-2.0
21388,disgraced,-2.0
21389,disguise,-1.0
21390,disguised,-1.0
21391,disguises,-1.0
21392,disguising,-1.0
21393,disgust,-3.0
21394,disgusted,-3.0
21395,disgusting,-3.0
21396,disheartened,-2.0
21397,dishonest,-2.0
21398,disillusioned,-2.0
21399,disinclined,-2.0
21400,disjointed,-2.0
21401,dislike,-2.0
21402,dismal,-2.0
21403,dismayed,-2.0
21404,disorder,-2.0
21405,disorganized,-2.0
21406,disoriented,-2.0
21407,disparage,-2.0
21408,disparaged,-2.0
21409,disparages,-2.0
21410,disparaging,-2.0
21411,displeased,-2.0
21412,dispute,-2.0
21413,disputed,-2.0
21414,disputes,-2.0
21415,disputing,-2.0
21416,disqualified,-2.0
21417,disquiet,-2.0
21418,disregard,-2.0
21419,disregarded,-2.0
21420,disregarding,-2.0
21421,disregards,-2.0
21422,disrespect,-2.0
21423,disrespected,-2.0
21424,disruption,-2.0
21425,disruptions,-2.0
21426,disruptive,-2.0
21427,dissatisfied,-2.0
21428,distort,-2.0
21429,distorted,-2.0
21430,distorting,-2.0
21431,distorts,-2.0
21432,distract,-2.0
21433,distracted,-2.0
21434,distraction,-2.0
21435,distracts,-2.0
21436,distress,-2.0
21437,distressed,-2.0
21438,distresses,-2.0
21439,distressing,-2.0
21440,distrust,-3.0
21441,distrustful,-3.0
21442,disturb,-2.0
21443,disturbed,-2.0
21444,disturbing,-2.0
21445,disturbs,-2.0
21446,dithering,-2.0
21447,dizzy,-1.0
21448,dodging,-2.0
21449,dodgy,-2.0
21450,does not work,-3.0
21451,dolorous,-2.0
21452,dont like,-2.0
21453,doom,-2.0
21454,doomed,-2.0
21455,doubt,-1.0
21456,doubted,-1.0
21457,doubtful,-1.0
21458,doubting,-1.0
21459,doubts,-1.0
21460,douche,-3.0
21461,douchebag,-3.0
21462,downcast,-2.0
21463,downhearted,-2.0
21464,downside,-2.0
21465,drag,-1.0
21466,dragged,-1.0
21467,drags,-1.0
21468,drained,-2.0
21469,dread,-2.0
21470,dreaded,-2.0
21471,dreadful,-3.0
21472,dreading,-2.0
21473,dream,1.0
21474,dreams,1.0
21475,dreary,-2.0
21476,droopy,-2.0
21477,drop,-1.0
21478,drown,-2.0
21479,drowned,-2.0
21480,drowns,-2.0
21481,drunk,-2.0
21482,dubious,-2.0
21483,dud,-2.0
21484,dull,-2.0
21485,dumb,-3.0
21486,dumbass,-3.0
21487,dump,-1.0
21488,dumped,-2.0
21489,dumps,-1.0
21490,dupe,-2.0
21491,duped,-2.0
21492,dysfunction,-2.0
21493,eager,2.0
21494,earnest,2.0
21495,ease,2.0
21496,easy,1.0
21497,ecstatic,4.0
21498,eerie,-2.0
21499,eery,-2.0
21500,effective,2.0
21501,effectively,2.0
21502,elated,3.0
21503,elation,3.0
21504,elegant,2.0
21505,elegantly,2.0
21506,embarrass,-2.0
21507,embarrassed,-2.0
21508,embarrasses,-2.0
21509,embarrassing,-2.0
21510,embarrassment,-2.0
21511,embittered,-2.0
21512,embrace,1.0
21513,emergency,-2.0
21514,empathetic,2.0
21515,emptiness,-1.0
21516,empty,-1.0
21517,enchanted,2.0
21518,encourage,2.0
21519,encouraged,2.0
21520,encouragement,2.0
21521,encourages,2.0
21522,endorse,2.0
21523,endorsed,2.0
21524,endorsement,2.0
21525,endorses,2.0
21526,enemies,-2.0
21527,enemy,-2.0
21528,energetic,2.0
21529,engage,1.0
21530,engages,1.0
21531,engrossed,1.0
21532,enjoy,2.0
21533,enjoying,2.0
21534,enjoys,2.0
21535,enlighten,2.0
21536,enlightened,2.0
21537,enlightening,2.0
21538,enlightens,2.0
21539,ennui,-2.0
21540,enrage,-2.0
21541,enraged,-2.0
21542,enrages,-2.0
21543,enraging,-2.0
21544,enrapture,3.0
21545,enslave,-2.0
21546,enslaved,-2.0
21547,enslaves,-2.0
21548,ensure,1.0
21549,ensuring,1.0
21550,enterprising,1.0
21551,entertaining,2.0
21552,enthral,3.0
21553,enthusiastic,3.0
21554,entitled,1.0
21555,entrusted,2.0
21556,envies,-1.0
21557,envious,-2.0
21558,envy,-1.0
21559,envying,-1.0
21560,erroneous,-2.0
21561,error,-2.0
21562,errors,-2.0
21563,escape,-1.0
21564,escapes,-1.0
21565,escaping,-1.0
21566,esteemed,2.0
21567,ethical,2.0
21568,euphoria,3.0
21569,euphoric,4.0
21570,eviction,-1.0
21571,evil,-3.0
21572,exaggerate,-2.0
21573,exaggerated,-2.0
21574,exaggerates,-2.0
21575,exaggerating,-2.0
21576,exasperated,2.0
21577,excellence,3.0
21578,excellent,3.0
21579,excite,3.0
21580,excited,3.0
21581,excitement,3.0
21582,exciting,3.0
21583,exclude,-1.0
21584,excluded,-2.0
21585,exclusion,-1.0
21586,exclusive,2.0
21587,excuse,-1.0
21588,exempt,-1.0
21589,exhausted,-2.0
21590,exhilarated,3.0
21591,exhilarates,3.0
21592,exhilarating,3.0
21593,exonerate,2.0
21594,exonerated,2.0
21595,exonerates,2.0
21596,exonerating,2.0
21597,expand,1.0
21598,expands,1.0
21599,expel,-2.0
21600,expelled,-2.0
21601,expelling,-2.0
21602,expels,-2.0
21603,exploit,-2.0
21604,exploited,-2.0
21605,exploiting,-2.0
21606,exploits,-2.0
21607,exploration,1.0
21608,explorations,1.0
21609,expose,-1.0
21610,exposed,-1.0
21611,exposes,-1.0
21612,exposing,-1.0
21613,extend,1.0
21614,extends,1.0
21615,exuberant,4.0
21616,exultant,3.0
21617,exultantly,3.0
21618,fabulous,4.0
21619,fad,-2.0
21620,fag,-3.0
21621,faggot,-3.0
21622,faggots,-3.0
21623,fail,-2.0
21624,failed,-2.0
21625,failing,-2.0
21626,fails,-2.0
21627,failure,-2.0
21628,failures,-2.0
21629,fainthearted,-2.0
21630,fair,2.0
21631,faith,1.0
21632,faithful,3.0
21633,fake,-3.0
21634,fakes,-3.0
21635,faking,-3.0
21636,fallen,-2.0
21637,falling,-1.0
21638,falsified,-3.0
21639,falsify,-3.0
21640,fame,1.0
21641,fan,3.0
21642,fantastic,4.0
21643,farce,-1.0
21644,fascinate,3.0
21645,fascinated,3.0
21646,fascinates,3.0
21647,fascinating,3.0
21648,fascist,-2.0
21649,fascists,-2.0
21650,fatalities,-3.0
21651,fatality,-3.0
21652,fatigue,-2.0
21653,fatigued,-2.0
21654,fatigues,-2.0
21655,fatiguing,-2.0
21656,favor,2.0
21657,favored,2.0
21658,favorite,2.0
21659,favorited,2.0
21660,favorites,2.0
21661,favors,2.0
21662,fear,-2.0
21663,fearful,-2.0
21664,fearing,-2.0
21665,fearless,2.0
21666,fearsome,-2.0
21667,fed up,-3.0
21668,feeble,-2.0
21669,feeling,1.0
21670,felonies,-3.0
21671,felony,-3.0
21672,fervent,2.0
21673,fervid,2.0
21674,festive,2.0
21675,fiasco,-3.0
21676,fidgety,-2.0
21677,fight,-1.0
21678,fine,2.0
21679,fire,-2.0
21680,fired,-2.0
21681,firing,-2.0
21682,fit,1.0
21683,fitness,1.0
21684,flagship,2.0
21685,flees,-1.0
21686,flop,-2.0
21687,flops,-2.0
21688,flu,-2.0
21689,flustered,-2.0
21690,focused,2.0
21691,fond,2.0
21692,fondness,2.0
21693,fool,-2.0
21694,foolish,-2.0
21695,fools,-2.0
21696,forced,-1.0
21697,foreclosure,-2.0
21698,foreclosures,-2.0
21699,forget,-1.0
21700,forgetful,-2.0
21701,forgive,1.0
21702,forgiving,1.0
21703,forgotten,-1.0
21704,fortunate,2.0
21705,frantic,-1.0
21706,fraud,-4.0
21707,frauds,-4.0
21708,fraudster,-4.0
21709,fraudsters,-4.0
21710,fraudulence,-4.0
21711,fraudulent,-4.0
21712,free,1.0
21713,freedom,2.0
21714,frenzy,-3.0
21715,fresh,1.0
21716,friendly,2.0
21717,fright,-2.0
21718,frightened,-2.0
21719,frightening,-3.0
21720,frikin,-2.0
21721,frisky,2.0
21722,frowning,-1.0
21723,frustrate,-2.0
21724,frustrated,-2.0
21725,frustrates,-2.0
21726,frustrating,-2.0
21727,frustration,-2.0
21728,ftw,3.0
21729,fuck,-4.0
21730,fucked,-4.0
21731,fucker,-4.0
21732,fuckers,-4.0
21733,fuckface,-4.0
21734,fuckhead,-4.0
21735,fucking,-4.0
21736,fucktard,-4.0
21737,fud,-3.0
21738,fuked,-4.0
21739,fuking,-4.0
21740,fulfill,2.0
21741,fulfilled,2.0
21742,fulfills,2.0
21743,fuming,-2.0
21744,fun,4.0
21745,funeral,-1.0
21746,funerals,-1.0
21747,funky,2.0
21748,funnier,4.0
21749,funny,4.0
21750,furious,-3.0
21751,futile,2.0
21752,gag,-2.0
21753,gagged,-2.0
21754,gain,2.0
21755,gained,2.0
21756,gaining,2.0
21757,gains,2.0
21758,gallant,3.0
21759,gallantly,3.0
21760,gallantry,3.0
21761,generous,2.0
21762,genial,3.0
21763,ghost,-1.0
21764,giddy,-2.0
21765,gift,2.0
21766,glad,3.0
21767,glamorous,3.0
21768,glamourous,3.0
21769,glee,3.0
21770,gleeful,3.0
21771,gloom,-1.0
21772,gloomy,-2.0
21773,glorious,2.0
21774,glory,2.0
21775,glum,-2.0
21776,god,1.0
21777,goddamn,-3.0
21778,godsend,4.0
21779,good,3.0
21780,goodness,3.0
21781,grace,1.0
21782,gracious,3.0
21783,grand,3.0
21784,grant,1.0
21785,granted,1.0
21786,granting,1.0
21787,grants,1.0
21788,grateful,3.0
21789,gratification,2.0
21790,grave,-2.0
21791,gray,-1.0
21792,great,3.0
21793,greater,3.0
21794,greatest,3.0
21795,greed,-3.0
21796,greedy,-2.0
21797,green wash,-3.0
21798,green washing,-3.0
21799,greenwash,-3.0
21800,greenwasher,-3.0
21801,greenwashers,-3.0
21802,greenwashing,-3.0
21803,greet,1.0
21804,greeted,1.0
21805,greeting,1.0
21806,greetings,2.0
21807,greets,1.0
21808,grey,-1.0
21809,grief,-2.0
21810,grieved,-2.0
21811,gross,-2.0
21812,growing,1.0
21813,growth,2.0
21814,guarantee,1.0
21815,guilt,-3.0
21816,guilty,-3.0
21817,gullibility,-2.0
21818,gullible,-2.0
21819,gun,-1.0
21820,ha,2.0
21821,hacked,-1.0
21822,haha,3.0
21823,hahaha,3.0
21824,hahahah,3.0
21825,hail,2.0
21826,hailed,2.0
21827,hapless,-2.0
21828,haplessness,-2.0
21829,happiness,3.0
21830,happy,3.0
21831,hard,-1.0
21832,hardier,2.0
21833,hardship,-2.0
21834,hardy,2.0
21835,harm,-2.0
21836,harmed,-2.0
21837,harmful,-2.0
21838,harming,-2.0
21839,harms,-2.0
21840,harried,-2.0
21841,harsh,-2.0
21842,harsher,-2.0
21843,harshest,-2.0
21844,hate,-3.0
21845,hated,-3.0
21846,haters,-3.0
21847,hates,-3.0
21848,hating,-3.0
21849,haunt,-1.0
21850,haunted,-2.0
21851,haunting,1.0
21852,haunts,-1.0
21853,havoc,-2.0
21854,healthy,2.0
21855,heartbreaking,-3.0
21856,heartbroken,-3.0
21857,heartfelt,3.0
21858,heaven,2.0
21859,heavenly,4.0
21860,heavyhearted,-2.0
21861,hell,-4.0
21862,help,2.0
21863,helpful,2.0
21864,helping,2.0
21865,helpless,-2.0
21866,helps,2.0
21867,hero,2.0
21868,heroes,2.0
21869,heroic,3.0
21870,hesitant,-2.0
21871,hesitate,-2.0
21872,hid,-1.0
21873,hide,-1.0
21874,hides,-1.0
21875,hiding,-1.0
21876,highlight,2.0
21877,hilarious,2.0
21878,hindrance,-2.0
21879,hoax,-2.0
21880,homesick,-2.0
21881,honest,2.0
21882,honor,2.0
21883,honored,2.0
21884,honoring,2.0
21885,honour,2.0
21886,honoured,2.0
21887,honouring,2.0
21888,hooligan,-2.0
21889,hooliganism,-2.0
21890,hooligans,-2.0
21891,hope,2.0
21892,hopeful,2.0
21893,hopefully,2.0
21894,hopeless,-2.0
21895,hopelessness,-2.0
21896,hopes,2.0
21897,hoping,2.0
21898,horrendous,-3.0
21899,horrible,-3.0
21900,horrific,-3.0
21901,horrified,-3.0
21902,hostile,-2.0
21903,huckster,-2.0
21904,hug,2.0
21905,huge,1.0
21906,hugs,2.0
21907,humerous,3.0
21908,humiliated,-3.0
21909,humiliation,-3.0
21910,humor,2.0
21911,humorous,2.0
21912,humour,2.0
21913,humourous,2.0
21914,hunger,-2.0
21915,hurrah,5.0
21916,hurt,-2.0
21917,hurting,-2.0
21918,hurts,-2.0
21919,hypocritical,-2.0
21920,hysteria,-3.0
21921,hysterical,-3.0
21922,hysterics,-3.0
21923,idiot,-3.0
21924,idiotic,-3.0
21925,ignorance,-2.0
21926,ignorant,-2.0
21927,ignore,-1.0
21928,ignored,-2.0
21929,ignores,-1.0
21930,ill,-2.0
21931,illegal,-3.0
21932,illiteracy,-2.0
21933,illness,-2.0
21934,illnesses,-2.0
21935,imbecile,-3.0
21936,immobilized,-1.0
21937,immortal,2.0
21938,immune,1.0
21939,impatient,-2.0
21940,imperfect,-2.0
21941,importance,2.0
21942,important,2.0
21943,impose,-1.0
21944,imposed,-1.0
21945,imposes,-1.0
21946,imposing,-1.0
21947,impotent,-2.0
21948,impress,3.0
21949,impressed,3.0
21950,impresses,3.0
21951,impressive,3.0
21952,imprisoned,-2.0
21953,improve,2.0
21954,improved,2.0
21955,improvement,2.0
21956,improves,2.0
21957,improving,2.0
21958,inability,-2.0
21959,inaction,-2.0
21960,inadequate,-2.0
21961,incapable,-2.0
21962,incapacitated,-2.0
21963,incensed,-2.0
21964,incompetence,-2.0
21965,incompetent,-2.0
21966,inconsiderate,-2.0
21967,inconvenience,-2.0
21968,inconvenient,-2.0
21969,increase,1.0
21970,increased,1.0
21971,indecisive,-2.0
21972,indestructible,2.0
21973,indifference,-2.0
21974,indifferent,-2.0
21975,indignant,-2.0
21976,indignation,-2.0
21977,indoctrinate,-2.0
21978,indoctrinated,-2.0
21979,indoctrinates,-2.0
21980,indoctrinating,-2.0
21981,ineffective,-2.0
21982,ineffectively,-2.0
21983,infatuated,2.0
21984,infatuation,2.0
21985,infected,-2.0
21986,inferior,-2.0
21987,inflamed,-2.0
21988,influential,2.0
21989,infringement,-2.0
21990,infuriate,-2.0
21991,infuriated,-2.0
21992,infuriates,-2.0
21993,infuriating,-2.0
21994,inhibit,-1.0
21995,injured,-2.0
21996,injury,-2.0
21997,injustice,-2.0
21998,innovate,1.0
21999,innovates,1.0
22000,innovation,1.0
22001,innovative,2.0
22002,inquisition,-2.0
22003,inquisitive,2.0
22004,insane,-2.0
22005,insanity,-2.0
22006,insecure,-2.0
22007,insensitive,-2.0
22008,insensitivity,-2.0
22009,insignificant,-2.0
22010,insipid,-2.0
22011,inspiration,2.0
22012,inspirational,2.0
22013,inspire,2.0
22014,inspired,2.0
22015,inspires,2.0
22016,inspiring,3.0
22017,insult,-2.0
22018,insulted,-2.0
22019,insulting,-2.0
22020,insults,-2.0
22021,intact,2.0
22022,integrity,2.0
22023,intelligent,2.0
22024,intense,1.0
22025,interest,1.0
22026,interested,2.0
22027,interesting,2.0
22028,interests,1.0
22029,interrogated,-2.0
22030,interrupt,-2.0
22031,interrupted,-2.0
22032,interrupting,-2.0
22033,interruption,-2.0
22034,interrupts,-2.0
22035,intimidate,-2.0
22036,intimidated,-2.0
22037,intimidates,-2.0
22038,intimidating,-2.0
22039,intimidation,-2.0
22040,intricate,2.0
22041,intrigues,1.0
22042,invincible,2.0
22043,invite,1.0
22044,inviting,1.0
22045,invulnerable,2.0
22046,irate,-3.0
22047,ironic,-1.0
22048,irony,-1.0
22049,irrational,-1.0
22050,irresistible,2.0
22051,irresolute,-2.0
22052,irresponsible,2.0
22053,irreversible,-1.0
22054,irritate,-3.0
22055,irritated,-3.0
22056,irritating,-3.0
22057,isolated,-1.0
22058,itchy,-2.0
22059,jackass,-4.0
22060,jackasses,-4.0
22061,jailed,-2.0
22062,jaunty,2.0
22063,jealous,-2.0
22064,jeopardy,-2.0
22065,jerk,-3.0
22066,jesus,1.0
22067,jewel,1.0
22068,jewels,1.0
22069,jocular,2.0
22070,join,1.0
22071,joke,2.0
22072,jokes,2.0
22073,jolly,2.0
22074,jovial,2.0
22075,joy,3.0
22076,joyful,3.0
22077,joyfully,3.0
22078,joyless,-2.0
22079,joyous,3.0
22080,jubilant,3.0
22081,jumpy,-1.0
22082,justice,2.0
22083,justifiably,2.0
22084,justified,2.0
22085,keen,1.0
22086,kill,-3.0
22087,killed,-3.0
22088,killing,-3.0
22089,kills,-3.0
22090,kind,2.0
22091,kinder,2.0
22092,kiss,2.0
22093,kudos,3.0
22094,lack,-2.0
22095,lackadaisical,-2.0
22096,lag,-1.0
22097,lagged,-2.0
22098,lagging,-2.0
22099,lags,-2.0
22100,lame,-2.0
22101,landmark,2.0
22102,laugh,1.0
22103,laughed,1.0
22104,laughing,1.0
22105,laughs,1.0
22106,laughting,1.0
22107,launched,1.0
22108,lawl,3.0
22109,lawsuit,-2.0
22110,lawsuits,-2.0
22111,lazy,-1.0
22112,leak,-1.0
22113,leaked,-1.0
22114,leave,-1.0
22115,legal,1.0
22116,legally,1.0
22117,lenient,1.0
22118,lethargic,-2.0
22119,lethargy,-2.0
22120,liar,-3.0
22121,liars,-3.0
22122,libelous,-2.0
22123,lied,-2.0
22124,lifesaver,4.0
22125,lighthearted,1.0
22126,like,2.0
22127,liked,2.0
22128,likes,2.0
22129,limitation,-1.0
22130,limited,-1.0
22131,limits,-1.0
22132,litigation,-1.0
22133,litigious,-2.0
22134,lively,2.0
22135,livid,-2.0
22136,lmao,4.0
22137,lmfao,4.0
22138,loathe,-3.0
22139,loathed,-3.0
22140,loathes,-3.0
22141,loathing,-3.0
22142,lobby,-2.0
22143,lobbying,-2.0
22144,lol,3.0
22145,lonely,-2.0
22146,lonesome,-2.0
22147,longing,-1.0
22148,loom,-1.0
22149,loomed,-1.0
22150,looming,-1.0
22151,looms,-1.0
22152,loose,-3.0
22153,looses,-3.0
22154,loser,-3.0
22155,losing,-3.0
22156,loss,-3.0
22157,lost,-3.0
22158,lovable,3.0
22159,love,3.0
22160,loved,3.0
22161,lovelies,3.0
22162,lovely,3.0
22163,loving,2.0
22164,lowest,-1.0
22165,loyal,3.0
22166,loyalty,3.0
22167,luck,3.0
22168,luckily,3.0
22169,lucky,3.0
22170,lugubrious,-2.0
22171,lunatic,-3.0
22172,lunatics,-3.0
22173,lurk,-1.0
22174,lurking,-1.0
22175,lurks,-1.0
22176,mad,-3.0
22177,maddening,-3.0
22178,made-up,-1.0
22179,madly,-3.0
22180,madness,-3.0
22181,mandatory,-1.0
22182,manipulated,-1.0
22183,manipulating,-1.0
22184,manipulation,-1.0
22185,marvel,3.0
22186,marvelous,3.0
22187,marvels,3.0
22188,masterpiece,4.0
22189,masterpieces,4.0
22190,matter,1.0
22191,matters,1.0
22192,mature,2.0
22193,meaningful,2.0
22194,meaningless,-2.0
22195,medal,3.0
22196,mediocrity,-3.0
22197,meditative,1.0
22198,melancholy,-2.0
22199,menace,-2.0
22200,menaced,-2.0
22201,mercy,2.0
22202,merry,3.0
22203,mess,-2.0
22204,messed,-2.0
22205,messing up,-2.0
22206,methodical,2.0
22207,mindless,-2.0
22208,miracle,4.0
22209,mirth,3.0
22210,mirthful,3.0
22211,mirthfully,3.0
22212,misbehave,-2.0
22213,misbehaved,-2.0
22214,misbehaves,-2.0
22215,misbehaving,-2.0
22216,mischief,-1.0
22217,mischiefs,-1.0
22218,miserable,-3.0
22219,misery,-2.0
22220,misgiving,-2.0
22221,misinformation,-2.0
22222,misinformed,-2.0
22223,misinterpreted,-2.0
22224,misleading,-3.0
22225,misread,-1.0
22226,misreporting,-2.0
22227,misrepresentation,-2.0
22228,miss,-2.0
22229,missed,-2.0
22230,missing,-2.0
22231,mistake,-2.0
22232,mistaken,-2.0
22233,mistakes,-2.0
22234,mistaking,-2.0
22235,misunderstand,-2.0
22236,misunderstanding,-2.0
22237,misunderstands,-2.0
22238,misunderstood,-2.0
22239,moan,-2.0
22240,moaned,-2.0
22241,moaning,-2.0
22242,moans,-2.0
22243,mock,-2.0
22244,mocked,-2.0
22245,mocking,-2.0
22246,mocks,-2.0
22247,mongering,-2.0
22248,monopolize,-2.0
22249,monopolized,-2.0
22250,monopolizes,-2.0
22251,monopolizing,-2.0
22252,moody,-1.0
22253,mope,-1.0
22254,moping,-1.0
22255,moron,-3.0
22256,motherfucker,-5.0
22257,motherfucking,-5.0
22258,motivate,1.0
22259,motivated,2.0
22260,motivating,2.0
22261,motivation,1.0
22262,mourn,-2.0
22263,mourned,-2.0
22264,mournful,-2.0
22265,mourning,-2.0
22266,mourns,-2.0
22267,mumpish,-2.0
22268,murder,-2.0
22269,murderer,-2.0
22270,murdering,-3.0
22271,murderous,-3.0
22272,murders,-2.0
22273,myth,-1.0
22274,n00b,-2.0
22275,naive,-2.0
22276,nasty,-3.0
22277,natural,1.0
22278,needy,-2.0
22279,negative,-2.0
22280,negativity,-2.0
22281,neglect,-2.0
22282,neglected,-2.0
22283,neglecting,-2.0
22284,neglects,-2.0
22285,nerves,-1.0
22286,nervous,-2.0
22287,nervously,-2.0
22288,nice,3.0
22289,nifty,2.0
22290,niggas,-5.0
22291,nigger,-5.0
22292,no,-1.0
22293,no fun,-3.0
22294,noble,2.0
22295,noisy,-1.0
22296,nonsense,-2.0
22297,noob,-2.0
22298,nosey,-2.0
22299,not good,-2.0
22300,not working,-3.0
22301,notorious,-2.0
22302,novel,2.0
22303,numb,-1.0
22304,nuts,-3.0
22305,obliterate,-2.0
22306,obliterated,-2.0
22307,obnoxious,-3.0
22308,obscene,-2.0
22309,obsessed,2.0
22310,obsolete,-2.0
22311,obstacle,-2.0
22312,obstacles,-2.0
22313,obstinate,-2.0
22314,odd,-2.0
22315,offend,-2.0
22316,offended,-2.0
22317,offender,-2.0
22318,offending,-2.0
22319,offends,-2.0
22320,offline,-1.0
22321,oks,2.0
22322,ominous,3.0
22323,once-in-a-lifetime,3.0
22324,opportunities,2.0
22325,opportunity,2.0
22326,oppressed,-2.0
22327,oppressive,-2.0
22328,optimism,2.0
22329,optimistic,2.0
22330,optionless,-2.0
22331,outcry,-2.0
22332,outmaneuvered,-2.0
22333,outrage,-3.0
22334,outraged,-3.0
22335,outreach,2.0
22336,outstanding,5.0
22337,overjoyed,4.0
22338,overload,-1.0
22339,overlooked,-1.0
22340,overreact,-2.0
22341,overreacted,-2.0
22342,overreaction,-2.0
22343,overreacts,-2.0
22344,oversell,-2.0
22345,overselling,-2.0
22346,oversells,-2.0
22347,oversimplification,-2.0
22348,oversimplified,-2.0
22349,oversimplifies,-2.0
22350,oversimplify,-2.0
22351,overstatement,-2.0
22352,overstatements,-2.0
22353,overweight,-1.0
22354,oxymoron,-1.0
22355,pain,-2.0
22356,pained,-2.0
22357,panic,-3.0
22358,panicked,-3.0
22359,panics,-3.0
22360,paradise,3.0
22361,paradox,-1.0
22362,pardon,2.0
22363,pardoned,2.0
22364,pardoning,2.0
22365,pardons,2.0
22366,parley,-1.0
22367,passionate,2.0
22368,passive,-1.0
22369,passively,-1.0
22370,pathetic,-2.0
22371,pay,-1.0
22372,peace,2.0
22373,peaceful,2.0
22374,peacefully,2.0
22375,penalty,-2.0
22376,pensive,-1.0
22377,perfect,3.0
22378,perfected,2.0
22379,perfectly,3.0
22380,perfects,2.0
22381,peril,-2.0
22382,perjury,-3.0
22383,perpetrator,-2.0
22384,perpetrators,-2.0
22385,perplexed,-2.0
22386,persecute,-2.0
22387,persecuted,-2.0
22388,persecutes,-2.0
22389,persecuting,-2.0
22390,perturbed,-2.0
22391,pesky,-2.0
22392,pessimism,-2.0
22393,pessimistic,-2.0
22394,petrified,-2.0
22395,phobic,-2.0
22396,picturesque,2.0
22397,pileup,-1.0
22398,pique,-2.0
22399,piqued,-2.0
22400,piss,-4.0
22401,pissed,-4.0
22402,pissing,-3.0
22403,piteous,-2.0
22404,pitied,-1.0
22405,pity,-2.0
22406,playful,2.0
22407,pleasant,3.0
22408,please,1.0
22409,pleased,3.0
22410,pleasure,3.0
22411,poised,-2.0
22412,poison,-2.0
22413,poisoned,-2.0
22414,poisons,-2.0
22415,pollute,-2.0
22416,polluted,-2.0
22417,polluter,-2.0
22418,polluters,-2.0
22419,pollutes,-2.0
22420,poor,-2.0
22421,poorer,-2.0
22422,poorest,-2.0
22423,popular,3.0
22424,positive,2.0
22425,positively,2.0
22426,possessive,-2.0
22427,postpone,-1.0
22428,postponed,-1.0
22429,postpones,-1.0
22430,postponing,-1.0
22431,poverty,-1.0
22432,powerful,2.0
22433,powerless,-2.0
22434,praise,3.0
22435,praised,3.0
22436,praises,3.0
22437,praising,3.0
22438,pray,1.0
22439,praying,1.0
22440,prays,1.0
22441,prblm,-2.0
22442,prblms,-2.0
22443,prepared,1.0
22444,pressure,-1.0
22445,pressured,-2.0
22446,pretend,-1.0
22447,pretending,-1.0
22448,pretends,-1.0
22449,pretty,1.0
22450,prevent,-1.0
22451,prevented,-1.0
22452,preventing,-1.0
22453,prevents,-1.0
22454,prick,-5.0
22455,prison,-2.0
22456,prisoner,-2.0
22457,prisoners,-2.0
22458,privileged,2.0
22459,proactive,2.0
22460,problem,-2.0
22461,problems,-2.0
22462,profiteer,-2.0
22463,progress,2.0
22464,prominent,2.0
22465,promise,1.0
22466,promised,1.0
22467,promises,1.0
22468,promote,1.0
22469,promoted,1.0
22470,promotes,1.0
22471,promoting,1.0
22472,propaganda,-2.0
22473,prosecute,-1.0
22474,prosecuted,-2.0
22475,prosecutes,-1.0
22476,prosecution,-1.0
22477,prospect,1.0
22478,prospects,1.0
22479,prosperous,3.0
22480,protect,1.0
22481,protected,1.0
22482,protects,1.0
22483,protest,-2.0
22484,protesters,-2.0
22485,protesting,-2.0
22486,protests,-2.0
22487,proud,2.0
22488,proudly,2.0
22489,provoke,-1.0
22490,provoked,-1.0
22491,provokes,-1.0
22492,provoking,-1.0
22493,pseudoscience,-3.0
22494,punish,-2.0
22495,punished,-2.0
22496,punishes,-2.0
22497,punitive,-2.0
22498,pushy,-1.0
22499,puzzled,-2.0
22500,quaking,-2.0
22501,questionable,-2.0
22502,questioned,-1.0
22503,questioning,-1.0
22504,racism,-3.0
22505,racist,-3.0
22506,racists,-3.0
22507,rage,-2.0
22508,rageful,-2.0
22509,rainy,-1.0
22510,rant,-3.0
22511,ranter,-3.0
22512,ranters,-3.0
22513,rants,-3.0
22514,rape,-4.0
22515,rapist,-4.0
22516,rapture,2.0
22517,raptured,2.0
22518,raptures,2.0
22519,rapturous,4.0
22520,rash,-2.0
22521,ratified,2.0
22522,reach,1.0
22523,reached,1.0
22524,reaches,1.0
22525,reaching,1.0
22526,reassure,1.0
22527,reassured,1.0
22528,reassures,1.0
22529,reassuring,2.0
22530,rebellion,-2.0
22531,recession,-2.0
22532,reckless,-2.0
22533,recommend,2.0
22534,recommended,2.0
22535,recommends,2.0
22536,redeemed,2.0
22537,refuse,-2.0
22538,refused,-2.0
22539,refusing,-2.0
22540,regret,-2.0
22541,regretful,-2.0
22542,regrets,-2.0
22543,regretted,-2.0
22544,regretting,-2.0
22545,reject,-1.0
22546,rejected,-1.0
22547,rejecting,-1.0
22548,rejects,-1.0
22549,rejoice,4.0
22550,rejoiced,4.0
22551,rejoices,4.0
22552,rejoicing,4.0
22553,relaxed,2.0
22554,relentless,-1.0
22555,reliant,2.0
22556,relieve,1.0
22557,relieved,2.0
22558,relieves,1.0
22559,relieving,2.0
22560,relishing,2.0
22561,remarkable,2.0
22562,remorse,-2.0
22563,repulse,-1.0
22564,repulsed,-2.0
22565,rescue,2.0
22566,rescued,2.0
22567,rescues,2.0
22568,resentful,-2.0
22569,resign,-1.0
22570,resigned,-1.0
22571,resigning,-1.0
22572,resigns,-1.0
22573,resolute,2.0
22574,resolve,2.0
22575,resolved,2.0
22576,resolves,2.0
22577,resolving,2.0
22578,respected,2.0
22579,responsible,2.0
22580,responsive,2.0
22581,restful,2.0
22582,restless,-2.0
22583,restore,1.0
22584,restored,1.0
22585,restores,1.0
22586,restoring,1.0
22587,restrict,-2.0
22588,restricted,-2.0
22589,restricting,-2.0
22590,restriction,-2.0
22591,restricts,-2.0
22592,retained,-1.0
22593,retard,-2.0
22594,retarded,-2.0
22595,retreat,-1.0
22596,revenge,-2.0
22597,revengeful,-2.0
22598,revered,2.0
22599,revive,2.0
22600,revives,2.0
22601,reward,2.0
22602,rewarded,2.0
22603,rewarding,2.0
22604,rewards,2.0
22605,rich,2.0
22606,ridiculous,-3.0
22607,rig,-1.0
22608,rigged,-1.0
22609,right direction,3.0
22610,rigorous,3.0
22611,rigorously,3.0
22612,riot,-2.0
22613,riots,-2.0
22614,risk,-2.0
22615,risks,-2.0
22616,rob,-2.0
22617,robber,-2.0
22618,robed,-2.0
22619,robing,-2.0
22620,robs,-2.0
22621,robust,2.0
22622,rofl,4.0
22623,roflcopter,4.0
22624,roflmao,4.0
22625,romance,2.0
22626,rotfl,4.0
22627,rotflmfao,4.0
22628,rotflol,4.0
22629,ruin,-2.0
22630,ruined,-2.0
22631,ruining,-2.0
22632,ruins,-2.0
22633,sabotage,-2.0
22634,sad,-2.0
22635,sadden,-2.0
22636,saddened,-2.0
22637,sadly,-2.0
22638,safe,1.0
22639,safely,1.0
22640,safety,1.0
22641,salient,1.0
22642,sappy,-1.0
22643,sarcastic,-2.0
22644,satisfied,2.0
22645,save,2.0
22646,saved,2.0
22647,scam,-2.0
22648,scams,-2.0
22649,scandal,-3.0
22650,scandalous,-3.0
22651,scandals,-3.0
22652,scapegoat,-2.0
22653,scapegoats,-2.0
22654,scare,-2.0
22655,scared,-2.0
22656,scary,-2.0
22657,sceptical,-2.0
22658,scold,-2.0
22659,scoop,3.0
22660,scorn,-2.0
22661,scornful,-2.0
22662,scream,-2.0
22663,screamed,-2.0
22664,screaming,-2.0
22665,screams,-2.0
22666,screwed,-2.0
22667,screwed up,-3.0
22668,scumbag,-4.0
22669,secure,2.0
22670,secured,2.0
22671,secures,2.0
22672,sedition,-2.0
22673,seditious,-2.0
22674,seduced,-1.0
22675,self-confident,2.0
22676,self-deluded,-2.0
22677,selfish,-3.0
22678,selfishness,-3.0
22679,sentence,-2.0
22680,sentenced,-2.0
22681,sentences,-2.0
22682,sentencing,-2.0
22683,serene,2.0
22684,severe,-2.0
22685,sexy,3.0
22686,shaky,-2.0
22687,shame,-2.0
22688,shamed,-2.0
22689,shameful,-2.0
22690,share,1.0
22691,shared,1.0
22692,shares,1.0
22693,shattered,-2.0
22694,shit,-4.0
22695,shithead,-4.0
22696,shitty,-3.0
22697,shock,-2.0
22698,shocked,-2.0
22699,shocking,-2.0
22700,shocks,-2.0
22701,shoot,-1.0
22702,short-sighted,-2.0
22703,short-sightedness,-2.0
22704,shortage,-2.0
22705,shortages,-2.0
22706,shrew,-4.0
22707,shy,-1.0
22708,sick,-2.0
22709,sigh,-2.0
22710,significance,1.0
22711,significant,1.0
22712,silencing,-1.0
22713,silly,-1.0
22714,sincere,2.0
22715,sincerely,2.0
22716,sincerest,2.0
22717,sincerity,2.0
22718,sinful,-3.0
22719,singleminded,-2.0
22720,skeptic,-2.0
22721,skeptical,-2.0
22722,skepticism,-2.0
22723,skeptics,-2.0
22724,slam,-2.0
22725,slash,-2.0
22726,slashed,-2.0
22727,slashes,-2.0
22728,slashing,-2.0
22729,slavery,-3.0
22730,sleeplessness,-2.0
22731,slick,2.0
22732,slicker,2.0
22733,slickest,2.0
22734,sluggish,-2.0
22735,slut,-5.0
22736,smart,1.0
22737,smarter,2.0
22738,smartest,2.0
22739,smear,-2.0
22740,smile,2.0
22741,smiled,2.0
22742,smiles,2.0
22743,smiling,2.0
22744,smog,-2.0
22745,sneaky,-1.0
22746,snub,-2.0
22747,snubbed,-2.0
22748,snubbing,-2.0
22749,snubs,-2.0
22750,sobering,1.0
22751,solemn,-1.0
22752,solid,2.0
22753,solidarity,2.0
22754,solution,1.0
22755,solutions,1.0
22756,solve,1.0
22757,solved,1.0
22758,solves,1.0
22759,solving,1.0
22760,somber,-2.0
22761,some kind,0.0
22762,son-of-a-bitch,-5.0
22763,soothe,3.0
22764,soothed,3.0
22765,soothing,3.0
22766,sophisticated,2.0
22767,sore,-1.0
22768,sorrow,-2.0
22769,sorrowful,-2.0
22770,sorry,-1.0
22771,spam,-2.0
22772,spammer,-3.0
22773,spammers,-3.0
22774,spamming,-2.0
22775,spark,1.0
22776,sparkle,3.0
22777,sparkles,3.0
22778,sparkling,3.0
22779,speculative,-2.0
22780,spirit,1.0
22781,spirited,2.0
22782,spiritless,-2.0
22783,spiteful,-2.0
22784,splendid,3.0
22785,sprightly,2.0
22786,squelched,-1.0
22787,stab,-2.0
22788,stabbed,-2.0
22789,stable,2.0
22790,stabs,-2.0
22791,stall,-2.0
22792,stalled,-2.0
22793,stalling,-2.0
22794,stamina,2.0
22795,stampede,-2.0
22796,startled,-2.0
22797,starve,-2.0
22798,starved,-2.0
22799,starves,-2.0
22800,starving,-2.0
22801,steadfast,2.0
22802,steal,-2.0
22803,steals,-2.0
22804,stereotype,-2.0
22805,stereotyped,-2.0
22806,stifled,-1.0
22807,stimulate,1.0
22808,stimulated,1.0
22809,stimulates,1.0
22810,stimulating,2.0
22811,stingy,-2.0
22812,stolen,-2.0
22813,stop,-1.0
22814,stopped,-1.0
22815,stopping,-1.0
22816,stops,-1.0
22817,stout,2.0
22818,straight,1.0
22819,strange,-1.0
22820,strangely,-1.0
22821,strangled,-2.0
22822,strength,2.0
22823,strengthen,2.0
22824,strengthened,2.0
22825,strengthening,2.0
22826,strengthens,2.0
22827,stressed,-2.0
22828,stressor,-2.0
22829,stressors,-2.0
22830,stricken,-2.0
22831,strike,-1.0
22832,strikers,-2.0
22833,strikes,-1.0
22834,strong,2.0
22835,stronger,2.0
22836,strongest,2.0
22837,struck,-1.0
22838,struggle,-2.0
22839,struggled,-2.0
22840,struggles,-2.0
22841,struggling,-2.0
22842,stubborn,-2.0
22843,stuck,-2.0
22844,stunned,-2.0
22845,stunning,4.0
22846,stupid,-2.0
22847,stupidly,-2.0
22848,suave,2.0
22849,substantial,1.0
22850,substantially,1.0
22851,subversive,-2.0
22852,success,2.0
22853,successful,3.0
22854,suck,-3.0
22855,sucks,-3.0
22856,suffer,-2.0
22857,suffering,-2.0
22858,suffers,-2.0
22859,suicidal,-2.0
22860,suicide,-2.0
22861,suing,-2.0
22862,sulking,-2.0
22863,sulky,-2.0
22864,sullen,-2.0
22865,sunshine,2.0
22866,super,3.0
22867,superb,5.0
22868,superior,2.0
22869,support,2.0
22870,supported,2.0
22871,supporter,1.0
22872,supporters,1.0
22873,supporting,1.0
22874,supportive,2.0
22875,supports,2.0
22876,survived,2.0
22877,surviving,2.0
22878,survivor,2.0
22879,suspect,-1.0
22880,suspected,-1.0
22881,suspecting,-1.0
22882,suspects,-1.0
22883,suspend,-1.0
22884,suspended,-1.0
22885,suspicious,-2.0
22886,swear,-2.0
22887,swearing,-2.0
22888,swears,-2.0
22889,sweet,2.0
22890,swift,2.0
22891,swiftly,2.0
22892,swindle,-3.0
22893,swindles,-3.0
22894,swindling,-3.0
22895,sympathetic,2.0
22896,sympathy,2.0
22897,tard,-2.0
22898,tears,-2.0
22899,tender,2.0
22900,tense,-2.0
22901,tension,-1.0
22902,terrible,-3.0
22903,terribly,-3.0
22904,terrific,4.0
22905,terrified,-3.0
22906,terror,-3.0
22907,terrorize,-3.0
22908,terrorized,-3.0
22909,terrorizes,-3.0
22910,thank,2.0
22911,thankful,2.0
22912,thanks,2.0
22913,thorny,-2.0
22914,thoughtful,2.0
22915,thoughtless,-2.0
22916,threat,-2.0
22917,threaten,-2.0
22918,threatened,-2.0
22919,threatening,-2.0
22920,threatens,-2.0
22921,threats,-2.0
22922,thrilled,5.0
22923,thwart,-2.0
22924,thwarted,-2.0
22925,thwarting,-2.0
22926,thwarts,-2.0
22927,timid,-2.0
22928,timorous,-2.0
22929,tired,-2.0
22930,tits,-2.0
22931,tolerant,2.0
22932,toothless,-2.0
22933,top,2.0
22934,tops,2.0
22935,torn,-2.0
22936,torture,-4.0
22937,tortured,-4.0
22938,tortures,-4.0
22939,torturing,-4.0
22940,totalitarian,-2.0
22941,totalitarianism,-2.0
22942,tout,-2.0
22943,touted,-2.0
22944,touting,-2.0
22945,touts,-2.0
22946,tragedy,-2.0
22947,tragic,-2.0
22948,tranquil,2.0
22949,trap,-1.0
22950,trapped,-2.0
22951,trauma,-3.0
22952,traumatic,-3.0
22953,travesty,-2.0
22954,treason,-3.0
22955,treasonous,-3.0
22956,treasure,2.0
22957,treasures,2.0
22958,trembling,-2.0
22959,tremulous,-2.0
22960,tricked,-2.0
22961,trickery,-2.0
22962,triumph,4.0
22963,triumphant,4.0
22964,trouble,-2.0
22965,troubled,-2.0
22966,troubles,-2.0
22967,true,2.0
22968,trust,1.0
22969,trusted,2.0
22970,tumor,-2.0
22971,twat,-5.0
22972,ugly,-3.0
22973,unacceptable,-2.0
22974,unappreciated,-2.0
22975,unapproved,-2.0
22976,unaware,-2.0
22977,unbelievable,-1.0
22978,unbelieving,-1.0
22979,unbiased,2.0
22980,uncertain,-1.0
22981,unclear,-1.0
22982,uncomfortable,-2.0
22983,unconcerned,-2.0
22984,unconfirmed,-1.0
22985,unconvinced,-1.0
22986,uncredited,-1.0
22987,undecided,-1.0
22988,underestimate,-1.0
22989,underestimated,-1.0
22990,underestimates,-1.0
22991,underestimating,-1.0
22992,undermine,-2.0
22993,undermined,-2.0
22994,undermines,-2.0
22995,undermining,-2.0
22996,undeserving,-2.0
22997,undesirable,-2.0
22998,uneasy,-2.0
22999,unemployment,-2.0
23000,unequal,-1.0
23001,unequaled,2.0
23002,unethical,-2.0
23003,unfair,-2.0
23004,unfocused,-2.0
23005,unfulfilled,-2.0
23006,unhappy,-2.0
23007,unhealthy,-2.0
23008,unified,1.0
23009,unimpressed,-2.0
23010,unintelligent,-2.0
23011,united,1.0
23012,unjust,-2.0
23013,unlovable,-2.0
23014,unloved,-2.0
23015,unmatched,1.0
23016,unmotivated,-2.0
23017,unprofessional,-2.0
23018,unresearched,-2.0
23019,unsatisfied,-2.0
23020,unsecured,-2.0
23021,unsettled,-1.0
23022,unsophisticated,-2.0
23023,unstable,-2.0
23024,unstoppable,2.0
23025,unsupported,-2.0
23026,unsure,-1.0
23027,untarnished,2.0
23028,unwanted,-2.0
23029,unworthy,-2.0
23030,upset,-2.0
23031,upsets,-2.0
23032,upsetting,-2.0
23033,uptight,-2.0
23034,urgent,-1.0
23035,useful,2.0
23036,usefulness,2.0
23037,useless,-2.0
23038,uselessness,-2.0
23039,vague,-2.0
23040,validate,1.0
23041,validated,1.0
23042,validates,1.0
23043,validating,1.0
23044,verdict,-1.0
23045,verdicts,-1.0
23046,vested,1.0
23047,vexation,-2.0
23048,vexing,-2.0
23049,vibrant,3.0
23050,vicious,-2.0
23051,victim,-3.0
23052,victimize,-3.0
23053,victimized,-3.0
23054,victimizes,-3.0
23055,victimizing,-3.0
23056,victims,-3.0
23057,vigilant,3.0
23058,vile,-3.0
23059,vindicate,2.0
23060,vindicated,2.0
23061,vindicates,2.0
23062,vindicating,2.0
23063,violate,-2.0
23064,violated,-2.0
23065,violates,-2.0
23066,violating,-2.0
23067,violence,-3.0
23068,violent,-3.0
23069,virtuous,2.0
23070,virulent,-2.0
23071,vision,1.0
23072,visionary,3.0
23073,visioning,1.0
23074,visions,1.0
23075,vitality,3.0
23076,vitamin,1.0
23077,vitriolic,-3.0
23078,vivacious,3.0
23079,vociferous,-1.0
23080,vulnerability,-2.0
23081,vulnerable,-2.0
23082,walkout,-2.0
23083,walkouts,-2.0
23084,wanker,-3.0
23085,want,1.0
23086,war,-2.0
23087,warfare,-2.0
23088,warm,1.0
23089,warmth,2.0
23090,warn,-2.0
23091,warned,-2.0
23092,warning,-3.0
23093,warnings,-3.0
23094,warns,-2.0
23095,waste,-1.0
23096,wasted,-2.0
23097,wasting,-2.0
23098,wavering,-1.0
23099,weak,-2.0
23100,weakness,-2.0
23101,wealth,3.0
23102,wealthy,2.0
23103,weary,-2.0
23104,weep,-2.0
23105,weeping,-2.0
23106,weird,-2.0
23107,welcome,2.0
23108,welcomed,2.0
23109,welcomes,2.0
23110,whimsical,1.0
23111,whitewash,-3.0
23112,whore,-4.0
23113,wicked,-2.0
23114,widowed,-1.0
23115,willingness,2.0
23116,win,4.0
23117,winner,4.0
23118,winning,4.0
23119,wins,4.0
23120,winwin,3.0
23121,wish,1.0
23122,wishes,1.0
23123,wishing,1.0
23124,withdrawal,-3.0
23125,woebegone,-2.0
23126,woeful,-3.0
23127,won,3.0
23128,wonderful,4.0
23129,woo,3.0
23130,woohoo,3.0
23131,wooo,4.0
23132,woow,4.0
23133,worn,-1.0
23134,worried,-3.0
23135,worry,-3.0
23136,worrying,-3.0
23137,worse,-3.0
23138,worsen,-3.0
23139,worsened,-3.0
23140,worsening,-3.0
23141,worsens,-3.0
23142,worshiped,3.0
23143,worst,-3.0
23144,worth,2.0
23145,worthless,-2.0
23146,worthy,2.0
23147,wow,4.0
23148,wowow,4.0
23149,wowww,4.0
23150,wrathful,-3.0
23151,wreck,-2.0
23152,wrong,-2.0
23153,wronged,-2.0
23154,wtf,-4.0
23155,yeah,1.0
23156,yearning,1.0
23157,yeees,2.0
23158,yes,1.0
23159,youthful,2.0
23160,yucky,-2.0
23161,yummy,3.0
23162,zealot,-2.0
23163,zealots,-2.0
23164,zealous,2.0
